title,url,time_published,authors,summary,banner_image,source,category_within_source,source_domain,topics,overall_sentiment_score,overall_sentiment_label,ticker_sentiment
"Apple's Exciting Week: New Display Tech, MacBook Leaks, And A Health-Centric Vision - Apple  ( NASDAQ:AAPL ) ",https://www.benzinga.com/news/24/10/41304249/apples-exciting-week-new-display-tech-macbook-leaks-and-a-health-centric-vision,20241013T110128,['Benzinga Neuro'],"The week was quite eventful for Apple Inc. AAPL, with news ranging from potential new technology for its iPhone 17 Air Display, a leak of the unreleased M4 MacBook Pro, plans for a health-focused smart ring, a new iOS 18 feature, and a surprising revelation about its relationship with law ...",https://cdn.benzinga.com/files/images/story/2024/10/13/7-Products-Apple-Will-Likely-Discontinue.jpeg?width=1200&height=800&fit=crop,Benzinga,News,www.benzinga.com,"[{'topic': 'Technology', 'relevance_score': '1.0'}]",0.317726,Somewhat-Bullish,"[{'ticker': 'AAPL', 'relevance_score': '0.680008', 'ticker_sentiment_score': '0.484086', 'ticker_sentiment_label': 'Bullish'}]"
Should You Buy Apple Stock Before Oct. 28?,https://www.fool.com/investing/2024/10/13/should-you-buy-apple-stock-before-oct-28/,20241013T095600,['Adam Levy'],"After iPhone users begin to get access to Apple Intelligence, its potential impact for the company will start to become clearer.",https://g.foolcdn.com/image/?url=https%3A%2F%2Fg.foolcdn.com%2Feditorial%2Fimages%2F793763%2Fgetty-images-apple-store.jpeg&op=resize&w=700,Motley Fool,n/a,www.fool.com,"[{'topic': 'Financial Markets', 'relevance_score': '0.214378'}, {'topic': 'Earnings', 'relevance_score': '0.650727'}, {'topic': 'Technology', 'relevance_score': '0.5'}, {'topic': 'Finance', 'relevance_score': '0.5'}]",0.336974,Somewhat-Bullish,"[{'ticker': 'AAPL', 'relevance_score': '0.898715', 'ticker_sentiment_score': '0.550732', 'ticker_sentiment_label': 'Bullish'}, {'ticker': 'MS', 'relevance_score': '0.050254', 'ticker_sentiment_score': '0.054505', 'ticker_sentiment_label': 'Neutral'}]"
2 Monster Stocks That Could Soar in 2025,https://www.fool.com/investing/2024/10/13/2-monster-stocks-that-could-soar-in-2025/,20241013T090400,['John Ballard'],These stocks are boiling kettles waiting to explode.,https://g.foolcdn.com/editorial/images/793658/growth-stock-profit-opportunity.jpg,Motley Fool,n/a,www.fool.com,"[{'topic': 'Earnings', 'relevance_score': '0.976913'}, {'topic': 'Technology', 'relevance_score': '1.0'}, {'topic': 'Financial Markets', 'relevance_score': '0.214378'}]",0.375668,Bullish,"[{'ticker': 'MSFT', 'relevance_score': '0.059341', 'ticker_sentiment_score': '0.054051', 'ticker_sentiment_label': 'Neutral'}, {'ticker': 'GOOG', 'relevance_score': '0.118354', 'ticker_sentiment_score': '0.164281', 'ticker_sentiment_label': 'Somewhat-Bullish'}, {'ticker': 'AAPL', 'relevance_score': '0.059341', 'ticker_sentiment_score': '0.054051', 'ticker_sentiment_label': 'Neutral'}, {'ticker': 'OPRA', 'relevance_score': '0.344872', 'ticker_sentiment_score': '0.285296', 'ticker_sentiment_label': 'Somewhat-Bullish'}, {'ticker': 'PLNT', 'relevance_score': '0.059341', 'ticker_sentiment_score': '0.209033', 'ticker_sentiment_label': 'Somewhat-Bullish'}]"
"Want a $1 Million Nest Egg by Retirement? Invest $250,000 in These 3 Stocks and Wait a Decade.",https://www.fool.com/investing/2024/10/13/want-a-1-million-nest-egg-by-retirement-invest-250/,20241013T090300,['Jeremy Bowman'],These three stocks are well-positioned to be big winners over the next 10 years.,https://g.foolcdn.com/image/?url=https%3A%2F%2Fg.foolcdn.com%2Feditorial%2Fimages%2F793627%2Fretired-couple-on-patio-happy.jpg&op=resize&w=700,Motley Fool,n/a,www.fool.com,"[{'topic': 'Financial Markets', 'relevance_score': '0.955357'}, {'topic': 'Manufacturing', 'relevance_score': '0.5'}, {'topic': 'Earnings', 'relevance_score': '0.451494'}, {'topic': 'Technology', 'relevance_score': '0.5'}]",0.321719,Somewhat-Bullish,"[{'ticker': 'NVDA', 'relevance_score': '0.050044', 'ticker_sentiment_score': '0.154212', 'ticker_sentiment_label': 'Somewhat-Bullish'}, {'ticker': 'AAPL', 'relevance_score': '0.050044', 'ticker_sentiment_score': '0.154212', 'ticker_sentiment_label': 'Somewhat-Bullish'}, {'ticker': 'ARM', 'relevance_score': '0.09989', 'ticker_sentiment_score': '0.257633', 'ticker_sentiment_label': 'Somewhat-Bullish'}, {'ticker': 'TTD', 'relevance_score': '0.198221', 'ticker_sentiment_score': '0.303421', 'ticker_sentiment_label': 'Somewhat-Bullish'}, {'ticker': 'INTC', 'relevance_score': '0.050044', 'ticker_sentiment_score': '0.154212', 'ticker_sentiment_label': 'Somewhat-Bullish'}]"
"Meet the Stock-Split Stock That Soared 10,720% Over the Past 15 Years. Now, It's Poised to Join Apple, Nvidia, Microsoft, Alphabet, Amazon, and Meta in the $1 Trillion Club",https://www.fool.com/investing/2024/10/13/stock-split-stock-1-trillion-dollar-club/,20241013T090100,['Danny Vena'],This category-leading semiconductor and software company is generating robust growth driven by the next generation of AI.,https://g.foolcdn.com/image/?url=https%3A%2F%2Fg.foolcdn.com%2Feditorial%2Fimages%2F793340%2Fa-person-contemplaing-graphs-shown-on-screens-across-multiple-mobile-devices.jpg&op=resize&w=700,Motley Fool,n/a,www.fool.com,"[{'topic': 'Retail & Wholesale', 'relevance_score': '0.333333'}, {'topic': 'Financial Markets', 'relevance_score': '0.316726'}, {'topic': 'Manufacturing', 'relevance_score': '0.333333'}, {'topic': 'Earnings', 'relevance_score': '0.999767'}, {'topic': 'Technology', 'relevance_score': '0.333333'}]",0.295964,Somewhat-Bullish,"[{'ticker': 'MSFT', 'relevance_score': '0.053271', 'ticker_sentiment_score': '0.043001', 'ticker_sentiment_label': 'Neutral'}, {'ticker': 'META', 'relevance_score': '0.053271', 'ticker_sentiment_score': '0.043001', 'ticker_sentiment_label': 'Neutral'}, {'ticker': 'NVDA', 'relevance_score': '0.053271', 'ticker_sentiment_score': '0.043001', 'ticker_sentiment_label': 'Neutral'}, {'ticker': 'VMW', 'relevance_score': '0.053271', 'ticker_sentiment_score': '0.262868', 'ticker_sentiment_label': 'Somewhat-Bullish'}, {'ticker': 'AAPL', 'relevance_score': '0.053271', 'ticker_sentiment_score': '0.043001', 'ticker_sentiment_label': 'Neutral'}, {'ticker': 'AVGO', 'relevance_score': '0.452384', 'ticker_sentiment_score': '0.421197', 'ticker_sentiment_label': 'Bullish'}, {'ticker': 'AWON', 'relevance_score': '0.106305', 'ticker_sentiment_score': '0.116824', 'ticker_sentiment_label': 'Neutral'}, {'ticker': 'AMZN', 'relevance_score': '0.053271', 'ticker_sentiment_score': '0.043001', 'ticker_sentiment_label': 'Neutral'}, {'ticker': 'GE', 'relevance_score': '0.053271', 'ticker_sentiment_score': '0.078004', 'ticker_sentiment_label': 'Neutral'}]"
"What's the Best ""Magnificent Seven"" Stock to Buy if Trump Wins in November?",https://www.fool.com/investing/2024/10/13/whats-the-best-magnificent-seven-stock-to-buy-if-t/,20241013T084900,['Keith Speights'],The former president's proposals could be most magnificent for one tech giant.,https://g.foolcdn.com/image/?url=https%3A%2F%2Fg.foolcdn.com%2Feditorial%2Fimages%2F793603%2Ftrump-at-podium-image-source-official-white-house-photo-by-shealah-craighead.webp&op=resize&w=700,Motley Fool,n/a,www.fool.com,"[{'topic': 'Retail & Wholesale', 'relevance_score': '0.333333'}, {'topic': 'Financial Markets', 'relevance_score': '0.214378'}, {'topic': 'Manufacturing', 'relevance_score': '0.333333'}, {'topic': 'Technology', 'relevance_score': '0.333333'}]",0.248266,Somewhat-Bullish,"[{'ticker': 'MSFT', 'relevance_score': '0.31482', 'ticker_sentiment_score': '0.36549', 'ticker_sentiment_label': 'Bullish'}, {'ticker': 'GOOG', 'relevance_score': '0.092213', 'ticker_sentiment_score': '0.068103', 'ticker_sentiment_label': 'Neutral'}, {'ticker': 'META', 'relevance_score': '0.137934', 'ticker_sentiment_score': '0.081059', 'ticker_sentiment_label': 'Neutral'}, {'ticker': 'NVDA', 'relevance_score': '0.31482', 'ticker_sentiment_score': '0.36549', 'ticker_sentiment_label': 'Bullish'}, {'ticker': 'AAPL', 'relevance_score': '0.137934', 'ticker_sentiment_score': '0.190632', 'ticker_sentiment_label': 'Somewhat-Bullish'}, {'ticker': 'TSLA', 'relevance_score': '0.271777', 'ticker_sentiment_score': '0.207373', 'ticker_sentiment_label': 'Somewhat-Bullish'}, {'ticker': 'AMZN', 'relevance_score': '0.137934', 'ticker_sentiment_score': '0.1707', 'ticker_sentiment_label': 'Somewhat-Bullish'}]"
A Google Breakup Could Be Coming. Is Alphabet Stock a Buy?,https://www.fool.com/investing/2024/10/13/a-google-breakup-could-be-coming-is-alphabet-stock/,20241013T070100,['Danny Vena'],One of the biggest antitrust cases in decades could end up in a historic breakup. Or not.,https://g.foolcdn.com/image/?url=https%3A%2F%2Fg.foolcdn.com%2Feditorial%2Fimages%2F793733%2Fa-lawbook-on-antitrust-law-on-a-desk-near-a-gavel.jpg&op=resize&w=700,Motley Fool,n/a,www.fool.com,"[{'topic': 'Earnings', 'relevance_score': '0.310843'}, {'topic': 'Technology', 'relevance_score': '1.0'}, {'topic': 'Financial Markets', 'relevance_score': '0.796627'}]",-0.024377,Neutral,"[{'ticker': 'MSFT', 'relevance_score': '0.100308', 'ticker_sentiment_score': '-0.114088', 'ticker_sentiment_label': 'Neutral'}, {'ticker': 'GOOG', 'relevance_score': '0.47147', 'ticker_sentiment_score': '0.087444', 'ticker_sentiment_label': 'Neutral'}, {'ticker': 'AAPL', 'relevance_score': '0.050254', 'ticker_sentiment_score': '-0.002', 'ticker_sentiment_label': 'Neutral'}, {'ticker': 'T', 'relevance_score': '0.100308', 'ticker_sentiment_score': '-0.096578', 'ticker_sentiment_label': 'Neutral'}]"
How Much Is Apple Stock Really Worth?,https://www.fool.com/investing/2024/10/12/how-much-is-apple-stock-really-worth/,20241012T090000,"['CFA', 'Parkev Tatevosian']",The iPhone seller is finding it more difficult to generate growth.,https://g.foolcdn.com/editorial/images/793822/aerial-photo-of-apple-inc-headquarters-in-cupertino-california.jpg,Motley Fool,n/a,www.fool.com,"[{'topic': 'Technology', 'relevance_score': '1.0'}]",0.092941,Neutral,"[{'ticker': 'AAPL', 'relevance_score': '0.987581', 'ticker_sentiment_score': '0.5326', 'ticker_sentiment_label': 'Bullish'}]"
271 Billion Reasons Warren Buffett May Be Ready to Buy Stocks,https://www.fool.com/investing/2024/10/12/271-billion-reasons-warren-buffett-may-be-ready-to/,20241012T083600,['Bram Berkowitz'],Warren Buffett's company Berkshire Hathaway has bought very few stocks this year. But that could be about to change.,https://g.foolcdn.com/editorial/images/793004/buffett17-tmf.jpg,Motley Fool,n/a,www.fool.com,"[{'topic': 'Technology', 'relevance_score': '0.5'}, {'topic': 'Finance', 'relevance_score': '0.5'}, {'topic': 'Financial Markets', 'relevance_score': '1.0'}]",0.2306,Somewhat-Bullish,"[{'ticker': 'AAPL', 'relevance_score': '0.09402', 'ticker_sentiment_score': '0.073992', 'ticker_sentiment_label': 'Neutral'}, {'ticker': 'C', 'relevance_score': '0.140621', 'ticker_sentiment_score': '0.146871', 'ticker_sentiment_label': 'Neutral'}, {'ticker': 'BAC', 'relevance_score': '0.047092', 'ticker_sentiment_score': '0.134219', 'ticker_sentiment_label': 'Neutral'}, {'ticker': 'MARUF', 'relevance_score': '0.047092', 'ticker_sentiment_score': '0.023577', 'ticker_sentiment_label': 'Neutral'}, {'ticker': 'MITSF', 'relevance_score': '0.047092', 'ticker_sentiment_score': '0.023577', 'ticker_sentiment_label': 'Neutral'}, {'ticker': 'SSUMF', 'relevance_score': '0.047092', 'ticker_sentiment_score': '0.023577', 'ticker_sentiment_label': 'Neutral'}, {'ticker': 'BRK-A', 'relevance_score': '0.09402', 'ticker_sentiment_score': '0.040939', 'ticker_sentiment_label': 'Neutral'}, {'ticker': 'MSBHF', 'relevance_score': '0.047092', 'ticker_sentiment_score': '0.023577', 'ticker_sentiment_label': 'Neutral'}, {'ticker': 'ITOCF', 'relevance_score': '0.047092', 'ticker_sentiment_score': '0.023577', 'ticker_sentiment_label': 'Neutral'}, {'ticker': 'SIRI', 'relevance_score': '0.09402', 'ticker_sentiment_score': '0.10253', 'ticker_sentiment_label': 'Neutral'}, {'ticker': 'FOREX:JPY', 'relevance_score': '0.047092', 'ticker_sentiment_score': '0.085858', 'ticker_sentiment_label': 'Neutral'}]"
Tim Cook-Led Apple Accused By NLRB Of Restricting Employee Advocacy On Social Media: 2nd Complaint Against iPhone-maker This Month - Apple  ( NASDAQ:AAPL ) ,https://www.benzinga.com/news/24/10/41301702/tim-cook-led-apple-accused-by-nlrb-of-restricting-employee-advocacy-on-social-media-2nd-complaint-ag,20241012T062527,['Ananya Gairola'],"Tim Cook-led Apple Inc. AAPL is facing accusations from the U.S. National Labor Relations Board, or NLRB, for allegedly restricting its employees' use of social media and Slack for advocating improved working conditions.",https://cdn.benzinga.com/files/images/story/2024/10/12/Tim-Cook-Apple.jpeg?width=1200&height=800&fit=crop,Benzinga,News,www.benzinga.com,"[{'topic': 'Technology', 'relevance_score': '1.0'}, {'topic': 'Financial Markets', 'relevance_score': '0.161647'}]",0.019636,Neutral,"[{'ticker': 'AAPL', 'relevance_score': '0.77735', 'ticker_sentiment_score': '-0.040772', 'ticker_sentiment_label': 'Neutral'}]"
End Of An Era? Apple's 16-year-Old Accessory Is Out Of Stock Worldwide - Apple  ( NASDAQ:AAPL ) ,https://www.benzinga.com/news/24/10/41301420/end-of-an-era-apples-16-year-old-accessory-is-out-of-stock-worldwide,20241012T035224,['Ananya Gairola'],"In a move that could mark the end of an era for legacy technology, Apple Inc. AAPL has reportedly ceased production of its 16-year-old SuperDrive. What Happened: The SuperDrive, an external CD/DVD drive, is now listed as sold out or unavailable in all countries on Apple's online store, reported ...",https://cdn.benzinga.com/files/images/story/2024/10/11/Apple.jpeg?width=1200&height=800&fit=crop,Benzinga,News,www.benzinga.com,"[{'topic': 'Technology', 'relevance_score': '1.0'}]",0.094164,Neutral,"[{'ticker': 'AAPL', 'relevance_score': '0.705377', 'ticker_sentiment_score': '0.030101', 'ticker_sentiment_label': 'Neutral'}]"
Why Affirm Holdings Stock Leaped 12% Higher Today,https://www.fool.com/investing/2024/10/11/why-affirm-holdings-stock-leaped-12-higher-today/,20241011T220900,['Eric Volkman'],"The buy now, pay later company is in a fine position to take advantage of growth opportunities.",https://g.foolcdn.com/editorial/images/793870/person-stuffing-money-into-a-piggy-bank-and-smiling.jpg,Motley Fool,n/a,www.fool.com,"[{'topic': 'Economy - Monetary', 'relevance_score': '0.158519'}, {'topic': 'Technology', 'relevance_score': '1.0'}, {'topic': 'Financial Markets', 'relevance_score': '0.108179'}]",0.375797,Bullish,"[{'ticker': 'AAPL', 'relevance_score': '0.258351', 'ticker_sentiment_score': '0.31387', 'ticker_sentiment_label': 'Somewhat-Bullish'}, {'ticker': 'AFRM', 'relevance_score': '0.59016', 'ticker_sentiment_score': '0.490602', 'ticker_sentiment_label': 'Bullish'}]"
"Logitech Merges Style With Productivity by Unveiling POP Icon Keys - Intel  ( NASDAQ:INTC ) , Logitech International  ( NASDAQ:LOGI ) ",https://www.benzinga.com/news/large-cap/24/10/41295844/logitech-merges-style-with-productivity-by-unveiling-pop-icon-keys,20241011T175212,['Zacks'],"Logitech International S.A. LOGI recently unveiled its latest keyboard innovation, the POP Icon Keys, aimed at blending sleek aesthetics with high performance to create the perfect workspace tool for modern professionals.",https://cdn.benzinga.com/files/images/story/2024/10/11/mika-baumeister-eprl7h4euxg-unsplash.jpg?width=1200&height=800&fit=crop,Benzinga,Trading,www.benzinga.com,"[{'topic': 'Technology', 'relevance_score': '0.5'}, {'topic': 'Financial Markets', 'relevance_score': '0.538269'}, {'topic': 'Manufacturing', 'relevance_score': '0.5'}]",0.390344,Bullish,"[{'ticker': 'MSFT', 'relevance_score': '0.105604', 'ticker_sentiment_score': '0.122611', 'ticker_sentiment_label': 'Neutral'}, {'ticker': 'AAPL', 'relevance_score': '0.052918', 'ticker_sentiment_score': '0.189702', 'ticker_sentiment_label': 'Somewhat-Bullish'}, {'ticker': 'INTC', 'relevance_score': '0.157827', 'ticker_sentiment_score': '0.149464', 'ticker_sentiment_label': 'Neutral'}, {'ticker': 'LOGI', 'relevance_score': '0.449723', 'ticker_sentiment_score': '0.489233', 'ticker_sentiment_label': 'Bullish'}]"
Palantir Leads the AI Service Revolution As Tech Giants Stall,https://moneymorning.com/2024/10/11/palantir-leads-the-ai-service-revolution-as-tech-giants-stall/,20241011T155932,['Chris Johnson'],"There's a big shift in the balance of performance in the AI industry that a lot of investors may be missing. AI Technology companies like NVIDIA ( NVDA ) , Microsoft ( MSFT ) , and Apple ( AAPL ) spent much of the third quarter treading water as investors consider whether their AI investments are ...",https://moneymorning.com/wp-content/blogs.dir/1/files/2024/10/241010-AI-Technology-Q3-Returns.png,Money Morning,RSS,moneymorning.com,"[{'topic': 'Earnings', 'relevance_score': '0.310843'}, {'topic': 'Technology', 'relevance_score': '0.5'}, {'topic': 'Manufacturing', 'relevance_score': '0.5'}]",0.134645,Neutral,"[{'ticker': 'MSFT', 'relevance_score': '0.495015', 'ticker_sentiment_score': '0.0', 'ticker_sentiment_label': 'Neutral'}, {'ticker': 'NVDA', 'relevance_score': '0.495015', 'ticker_sentiment_score': '0.0', 'ticker_sentiment_label': 'Neutral'}, {'ticker': 'AAPL', 'relevance_score': '0.495015', 'ticker_sentiment_score': '0.0', 'ticker_sentiment_label': 'Neutral'}]"
Logitech Merges Style With Productivity by Unveiling POP Icon Keys,https://www.zacks.com/stock/news/2349412/logitech-merges-style-with-productivity-by-unveiling-pop-icon-keys,20241011T153100,['Zacks Equity Research'],"LOGI introduces POP Icon Keys, blending modern style, customization and seamless functionality to enhance productivity for professionals.",https://staticx-tuner.zacks.com/images/articles/main/22/2547.jpg,Zacks Commentary,n/a,www.zacks.com,"[{'topic': 'Technology', 'relevance_score': '0.5'}, {'topic': 'Financial Markets', 'relevance_score': '0.360215'}, {'topic': 'Manufacturing', 'relevance_score': '0.5'}]",0.379576,Bullish,"[{'ticker': 'MSFT', 'relevance_score': '0.16171', 'ticker_sentiment_score': '0.135214', 'ticker_sentiment_label': 'Neutral'}, {'ticker': 'AAPL', 'relevance_score': '0.16171', 'ticker_sentiment_score': '0.238233', 'ticker_sentiment_label': 'Somewhat-Bullish'}, {'ticker': 'INTC', 'relevance_score': '0.16171', 'ticker_sentiment_score': '0.135214', 'ticker_sentiment_label': 'Neutral'}, {'ticker': 'LOGI', 'relevance_score': '0.459624', 'ticker_sentiment_score': '0.474052', 'ticker_sentiment_label': 'Bullish'}]"
"Stock Market News for Oct 11, 2024",https://www.zacks.com/stock/news/2349245/stock-market-news-for-oct-11-2024,20241011T132500,['Zacks Equity Research'],"U.S. stocks closed modestly lower on Thursday, with the Dow and the S&P 500 retreating from their previous record highs as higher-than-expected inflation reading and jobless claims raised concerns about the economy's health.",https://staticx-tuner.zacks.com/images/articles/main/fd/423.jpg,Zacks Commentary,n/a,www.zacks.com,"[{'topic': 'Economy - Monetary', 'relevance_score': '0.972193'}, {'topic': 'Technology', 'relevance_score': '1.0'}, {'topic': 'Financial Markets', 'relevance_score': '0.158519'}]",-0.136999,Neutral,"[{'ticker': 'AAPL', 'relevance_score': '0.151064', 'ticker_sentiment_score': '0.035222', 'ticker_sentiment_label': 'Neutral'}]"
3 State Street Global Advisors Mutual Funds to Invest in,https://www.zacks.com/stock/news/2349146/3-state-street-global-advisors-mutual-funds-to-invest-in,20241011T122800,['Zacks Equity Research'],"Invest in State Street Global Advisors mutual funds like ELFNX, SSAQX and SSILX for reliable returns.",https://staticx-tuner.zacks.com/images/articles/main/ad/591.jpg,Zacks Commentary,n/a,www.zacks.com,"[{'topic': 'Life Sciences', 'relevance_score': '0.2'}, {'topic': 'Financial Markets', 'relevance_score': '0.5855'}, {'topic': 'Manufacturing', 'relevance_score': '0.2'}, {'topic': 'Energy & Transportation', 'relevance_score': '0.2'}, {'topic': 'Technology', 'relevance_score': '0.2'}, {'topic': 'Finance', 'relevance_score': '0.2'}]",0.289954,Somewhat-Bullish,"[{'ticker': 'MSFT', 'relevance_score': '0.150122', 'ticker_sentiment_score': '0.06455', 'ticker_sentiment_label': 'Neutral'}, {'ticker': 'NVDA', 'relevance_score': '0.150122', 'ticker_sentiment_score': '0.06455', 'ticker_sentiment_label': 'Neutral'}, {'ticker': 'AAPL', 'relevance_score': '0.150122', 'ticker_sentiment_score': '0.06455', 'ticker_sentiment_label': 'Neutral'}, {'ticker': 'STT', 'relevance_score': '0.429845', 'ticker_sentiment_score': '0.329342', 'ticker_sentiment_label': 'Somewhat-Bullish'}, {'ticker': 'TTE', 'relevance_score': '0.075397', 'ticker_sentiment_score': '0.049432', 'ticker_sentiment_label': 'Neutral'}, {'ticker': 'NVO', 'relevance_score': '0.075397', 'ticker_sentiment_score': '0.049432', 'ticker_sentiment_label': 'Neutral'}, {'ticker': 'NVS', 'relevance_score': '0.075397', 'ticker_sentiment_score': '0.049432', 'ticker_sentiment_label': 'Neutral'}]"
Taiwan Semiconductor's Pre-Q3 Earnings: ETFs in Focus,https://www.zacks.com/stock/news/2349136/taiwan-semiconductors-pre-q3-earnings-etfs-in-focus,20241011T120000,['Sanghamitra Saha'],Taiwan Semiconductor's (TSM) sales momentum has been great. Is the company set for upbeat earnings?,https://staticx-tuner.zacks.com/images/default_article_images/default19.jpg,Zacks Commentary,n/a,www.zacks.com,"[{'topic': 'Financial Markets', 'relevance_score': '0.999355'}, {'topic': 'Manufacturing', 'relevance_score': '0.5'}, {'topic': 'Earnings', 'relevance_score': '0.995921'}, {'topic': 'Technology', 'relevance_score': '0.5'}]",0.119712,Neutral,"[{'ticker': 'NVDA', 'relevance_score': '0.122269', 'ticker_sentiment_score': '0.122201', 'ticker_sentiment_label': 'Neutral'}, {'ticker': 'SPGI', 'relevance_score': '0.061315', 'ticker_sentiment_score': '0.022015', 'ticker_sentiment_label': 'Neutral'}, {'ticker': 'AAPL', 'relevance_score': '0.122269', 'ticker_sentiment_score': '0.122201', 'ticker_sentiment_label': 'Neutral'}]"
Prediction: 3 Stocks That'll Be Worth More Than Apple 5 Years From Now,https://www.fool.com/investing/2024/10/11/prediction-3-stocks-thatll-be-worth-more-than-appl/,20241011T111500,['Keithen Drury'],Apple stock trades for a premium price tag with little to show for it.,https://media.ycharts.com/charts/eada05bb944638892f82eb71abf769d9.png,Motley Fool,n/a,www.fool.com,"[{'topic': 'Financial Markets', 'relevance_score': '0.266143'}, {'topic': 'Manufacturing', 'relevance_score': '0.5'}, {'topic': 'Earnings', 'relevance_score': '0.983783'}, {'topic': 'Technology', 'relevance_score': '0.5'}]",0.157605,Somewhat-Bullish,"[{'ticker': 'MSFT', 'relevance_score': '0.378777', 'ticker_sentiment_score': '0.222474', 'ticker_sentiment_label': 'Somewhat-Bullish'}, {'ticker': 'NVDA', 'relevance_score': '0.328091', 'ticker_sentiment_score': '0.258932', 'ticker_sentiment_label': 'Somewhat-Bullish'}, {'ticker': 'AAPL', 'relevance_score': '0.922387', 'ticker_sentiment_score': '0.348772', 'ticker_sentiment_label': 'Somewhat-Bullish'}]"
Should Vanguard Russell 1000 Growth ETF  ( VONG )  Be on Your Investing Radar?,https://www.zacks.com/stock/news/2349116/should-vanguard-russell-1000-growth-etf-vong-be-on-your-investing-radar,20241011T102007,['Zacks Equity Research'],Style Box ETF report for VONG ...,https://staticx-tuner.zacks.com/images/default_article_images/default29.jpg,Zacks Commentary,n/a,www.zacks.com,"[{'topic': 'Financial Markets', 'relevance_score': '0.999998'}, {'topic': 'Manufacturing', 'relevance_score': '0.333333'}, {'topic': 'Earnings', 'relevance_score': '0.310843'}, {'topic': 'Technology', 'relevance_score': '0.333333'}, {'topic': 'Finance', 'relevance_score': '0.333333'}]",0.260995,Somewhat-Bullish,"[{'ticker': 'MSFT', 'relevance_score': '0.126784', 'ticker_sentiment_score': '0.069436', 'ticker_sentiment_label': 'Neutral'}, {'ticker': 'NVDA', 'relevance_score': '0.126784', 'ticker_sentiment_score': '0.069436', 'ticker_sentiment_label': 'Neutral'}, {'ticker': 'AAPL', 'relevance_score': '0.126784', 'ticker_sentiment_score': '0.069436', 'ticker_sentiment_label': 'Neutral'}, {'ticker': 'IVZ', 'relevance_score': '0.126784', 'ticker_sentiment_score': '0.105557', 'ticker_sentiment_label': 'Neutral'}]"
"Apple's Key Supplier Under Scrutiny After Employees Detained In China Over Breach Of Trust Allegations: No Harm To iPhone Partner, Says Taiwan Council - Apple  ( NASDAQ:AAPL ) ",https://www.benzinga.com/markets/equities/24/10/41287736/apples-key-supplier-under-scrutiny-after-employees-detained-in-china-over-breach-of-trust-allega,20241011T100156,['Navdeep Yadav'],"Four Taiwanese employees of Foxconn, also known as Hon Hai Precision Industry, the primary assembly partner of Apple Inc. AAPL, have been detained by the Chinese police. What Happened: The employees were apprehended in Zhengzhou, a central mainland Chinese city, where Hon Hai operates the world's ...",https://cdn.benzinga.com/files/images/story/2024/10/11/China-Taiwan-Photo-by-Zerbor-on-Shutters.jpeg?width=1200&height=800&fit=crop,Benzinga,General,www.benzinga.com,"[{'topic': 'Technology', 'relevance_score': '1.0'}]",-0.00483,Neutral,"[{'ticker': 'ALPMF', 'relevance_score': '0.086245', 'ticker_sentiment_score': '-0.014467', 'ticker_sentiment_label': 'Neutral'}, {'ticker': 'AAPL', 'relevance_score': '0.171485', 'ticker_sentiment_score': '-0.150778', 'ticker_sentiment_label': 'Somewhat-Bearish'}, {'ticker': 'HNHPF', 'relevance_score': '0.086245', 'ticker_sentiment_score': '-0.11213', 'ticker_sentiment_label': 'Neutral'}]"
How To Make Calls Faster Using This iOS 18 Feature On Your iPhone,https://www.benzinga.com/news/24/10/41287433/how-to-make-calls-faster-using-this-ios-18-feature-on-your-iphone,20241011T092711,['Ananya Gairola'],"Apple Inc. has finally brought T9 dialing to the iPhone with its latest iOS 18 update. This feature, which Android users have enjoyed for years, promises to change the way iPhone owners interact with their device's Phone app. T9, short for ""Text on 9 keys,"" is a predictive text technology that ...",https://editorial-assets.benzinga.com/wp-content/uploads/2024/10/11044534/IMG_4361-472x1024.jpeg,Benzinga,News,www.benzinga.com,"[{'topic': 'Technology', 'relevance_score': '1.0'}]",0.280051,Somewhat-Bullish,"[{'ticker': 'AAPL', 'relevance_score': '0.115232', 'ticker_sentiment_score': '0.160806', 'ticker_sentiment_label': 'Somewhat-Bullish'}]"
"This Is the One Stock Warren Buffett Keeps Buying, Regardless of Valuation",https://www.fool.com/investing/2024/10/11/1-stock-warren-buffett-buying-regardless-valuation/,20241011T090600,['Sean Williams'],Buffett has spent close to $78 billion purchasing shares of his favorite stock since the midpoint of 2018.,https://g.foolcdn.com/image/?url=https%3A%2F%2Fg.foolcdn.com%2Feditorial%2Fimages%2F793501%2Fbuffett6-tmf.jpg&op=resize&w=700,Motley Fool,n/a,www.fool.com,"[{'topic': 'Economy - Monetary', 'relevance_score': '0.310843'}, {'topic': 'Financial Markets', 'relevance_score': '1.0'}, {'topic': 'Earnings', 'relevance_score': '0.891286'}, {'topic': 'Energy & Transportation', 'relevance_score': '0.333333'}, {'topic': 'Technology', 'relevance_score': '0.333333'}, {'topic': 'Finance', 'relevance_score': '0.333333'}]",0.305227,Somewhat-Bullish,"[{'ticker': 'OXY', 'relevance_score': '0.03319', 'ticker_sentiment_score': '0.076337', 'ticker_sentiment_label': 'Neutral'}, {'ticker': 'AAPL', 'relevance_score': '0.197144', 'ticker_sentiment_score': '0.194039', 'ticker_sentiment_label': 'Somewhat-Bullish'}, {'ticker': 'BAC', 'relevance_score': '0.197144', 'ticker_sentiment_score': '0.102676', 'ticker_sentiment_label': 'Neutral'}, {'ticker': 'BRK-A', 'relevance_score': '0.197144', 'ticker_sentiment_score': '0.179502', 'ticker_sentiment_label': 'Somewhat-Bullish'}, {'ticker': 'CRYPTO:INCNT', 'relevance_score': '0.03319', 'ticker_sentiment_score': '0.283791', 'ticker_sentiment_label': 'Somewhat-Bullish'}]"
Should You Buy Apple Stock Now or Wait for a Dip?,https://www.fool.com/investing/2024/10/11/should-you-buy-apple-stock-now-or-wait-for-a-dip/,20241011T081100,['David Jagielski'],Apple's stock has rallied more than 30% in the past six months.,https://media.ycharts.com/charts/91dd104208da783345a0ca04416713e7.png,Motley Fool,n/a,www.fool.com,"[{'topic': 'Earnings', 'relevance_score': '0.917436'}, {'topic': 'Technology', 'relevance_score': '1.0'}, {'topic': 'Financial Markets', 'relevance_score': '0.54554'}]",0.36234,Bullish,"[{'ticker': 'AAPL', 'relevance_score': '0.575728', 'ticker_sentiment_score': '0.468184', 'ticker_sentiment_label': 'Bullish'}]"
Apple Goes From Waging Encryption War With FBI To Holding Hush-Hush Global Police Summits - An Evolving Relationship With Law Enforcement? - Apple  ( NASDAQ:AAPL ) ,https://www.benzinga.com/news/24/10/41286584/apple-goes-from-waging-encryption-war-with-fbi-to-holding-hush-hush-global-police-summits-an-evolvin,20241011T074107,['Ananya Gairola'],"Apple Inc. AAPL has reportedly been secretly aiding law enforcement agencies in leveraging its products for surveillance purposes. What Happened: In the last five years, Apple has conducted two ""Global Police Summit"" events gathering police agencies worldwide to discuss the best use of the tech ...",https://cdn.benzinga.com/files/images/story/2024/10/11/Chengdu--China---Mar-10--2020-Apple-Stor.jpeg?width=1200&height=800&fit=crop,Benzinga,News,www.benzinga.com,"[{'topic': 'Technology', 'relevance_score': '1.0'}]",0.031918,Neutral,"[{'ticker': 'AAPL', 'relevance_score': '0.620664', 'ticker_sentiment_score': '0.003643', 'ticker_sentiment_label': 'Neutral'}]"
Apple Card Slashes Savings Account Interest For 3rd Time Following Fed's Decisions: Here's What You Need To Know - Apple  ( NASDAQ:AAPL ) ,https://www.benzinga.com/news/24/10/41286489/apple-card-slashes-savings-account-interest-for-3rd-time-following-feds-decisions-heres-what-you-nee,20241011T073143,['Rounak Jain'],"Apple Inc. AAPL is set to lower the interest rate on its Apple Card high-yield savings account, effective Friday, Oct. 11. The new annual percentage yield ( APY ) will be 4.10%, a decrease from the previous 4.25%.",https://cdn.benzinga.com/files/images/story/2024/10/11/Apple-Card.jpeg?width=1200&height=800&fit=crop,Benzinga,News,www.benzinga.com,"[{'topic': 'Economy - Monetary', 'relevance_score': '0.576289'}, {'topic': 'Financial Markets', 'relevance_score': '0.87644'}, {'topic': 'Technology', 'relevance_score': '0.5'}, {'topic': 'Finance', 'relevance_score': '0.5'}]",0.272793,Somewhat-Bullish,"[{'ticker': 'GS', 'relevance_score': '0.287762', 'ticker_sentiment_score': '0.258646', 'ticker_sentiment_label': 'Somewhat-Bullish'}, {'ticker': 'AXP', 'relevance_score': '0.097854', 'ticker_sentiment_score': '0.10567', 'ticker_sentiment_label': 'Neutral'}, {'ticker': 'AAPL', 'relevance_score': '0.781119', 'ticker_sentiment_score': '0.53153', 'ticker_sentiment_label': 'Bullish'}]"
Should You Forget Nvidia and Buy These 2 Tech Stocks Instead?,https://www.fool.com/investing/2024/10/11/should-you-forget-nvidia-and-buy-2-tech-stocks-ins/,20241011T073000,['Harsh Chauhan'],"If you're worried about investing in Nvidia at its current valuation, you may want to take a closer look at these two other names.",https://media.ycharts.com/charts/eaf5dd76bcc3b0e43ca625e3eaeedf9d.png,Motley Fool,n/a,www.fool.com,"[{'topic': 'Financial Markets', 'relevance_score': '0.989041'}, {'topic': 'Manufacturing', 'relevance_score': '0.5'}, {'topic': 'Earnings', 'relevance_score': '1.0'}, {'topic': 'Technology', 'relevance_score': '0.5'}]",0.343162,Somewhat-Bullish,"[{'ticker': 'MU', 'relevance_score': '0.075874', 'ticker_sentiment_score': '0.152668', 'ticker_sentiment_label': 'Somewhat-Bullish'}, {'ticker': 'NVDA', 'relevance_score': '0.432291', 'ticker_sentiment_score': '0.436599', 'ticker_sentiment_label': 'Bullish'}, {'ticker': 'AAPL', 'relevance_score': '0.03798', 'ticker_sentiment_score': '0.186152', 'ticker_sentiment_label': 'Somewhat-Bullish'}, {'ticker': 'TSM', 'relevance_score': '0.075874', 'ticker_sentiment_score': '0.251671', 'ticker_sentiment_label': 'Somewhat-Bullish'}, {'ticker': 'FOREX:AMD', 'relevance_score': '0.151064', 'ticker_sentiment_score': '0.182002', 'ticker_sentiment_label': 'Somewhat-Bullish'}]"
Prediction: Here Is What Apple Might Do to Catch Up in the Artificial Intelligence  ( AI )  Revolution,https://www.fool.com/investing/2024/10/11/prediction-here-is-what-apple-might-do-to-catch-up/,20241011T070500,['Adam Spatacco'],Could Apple marry its interest in the healthcare space with artificial intelligence (AI)?,https://g.foolcdn.com/image/?url=https%3A%2F%2Fg.foolcdn.com%2Feditorial%2Fimages%2F793265%2Fmergers-and-acquisitions-graphic-calculator-5.jpg&op=resize&w=700,Motley Fool,n/a,www.fool.com,"[{'topic': 'Technology', 'relevance_score': '0.333333'}, {'topic': 'Retail & Wholesale', 'relevance_score': '0.333333'}, {'topic': 'Manufacturing', 'relevance_score': '0.333333'}]",0.240701,Somewhat-Bullish,"[{'ticker': 'MSFT', 'relevance_score': '0.052226', 'ticker_sentiment_score': '-0.048698', 'ticker_sentiment_label': 'Neutral'}, {'ticker': 'NVDA', 'relevance_score': '0.052226', 'ticker_sentiment_score': '0.199628', 'ticker_sentiment_label': 'Somewhat-Bullish'}, {'ticker': 'RIVN', 'relevance_score': '0.052226', 'ticker_sentiment_score': '0.0', 'ticker_sentiment_label': 'Neutral'}, {'ticker': 'AAPL', 'relevance_score': '0.831038', 'ticker_sentiment_score': '0.409553', 'ticker_sentiment_label': 'Bullish'}, {'ticker': 'TSLA', 'relevance_score': '0.052226', 'ticker_sentiment_score': '0.199628', 'ticker_sentiment_label': 'Somewhat-Bullish'}, {'ticker': 'AMZN', 'relevance_score': '0.052226', 'ticker_sentiment_score': '-0.048698', 'ticker_sentiment_label': 'Neutral'}]"
iOS 18 Users To Benefit From Richer Even Tickets In Apple Wallet After Ticketmaster Announces Support - Live Nation Entertainment  ( NYSE:LYV ) ,https://www.benzinga.com/news/24/10/41285795/ios-18-users-to-benefit-from-richer-even-tickets-in-apple-wallet-after-ticketmaster-announces-suppor,20241011T061824,['Ananya Gairola'],"Live Nation Entertainment's LYV Ticketmaster has announced its support for the richer event tickets feature in Apple Inc.'s AAPL Wallet, which was introduced with iOS 18.",https://cdn.benzinga.com/files/images/story/2024/10/11/Apple-Wallet.jpeg?width=1200&height=800&fit=crop,Benzinga,News,www.benzinga.com,"[{'topic': 'Technology', 'relevance_score': '1.0'}]",0.287214,Somewhat-Bullish,"[{'ticker': 'LYV', 'relevance_score': '0.183895', 'ticker_sentiment_score': '0.233971', 'ticker_sentiment_label': 'Somewhat-Bullish'}, {'ticker': 'GOOG', 'relevance_score': '0.092569', 'ticker_sentiment_score': '0.190457', 'ticker_sentiment_label': 'Somewhat-Bullish'}, {'ticker': 'META', 'relevance_score': '0.092569', 'ticker_sentiment_score': '0.190457', 'ticker_sentiment_label': 'Somewhat-Bullish'}, {'ticker': 'AAPL', 'relevance_score': '0.647749', 'ticker_sentiment_score': '0.574827', 'ticker_sentiment_label': 'Bullish'}]"
"Tesla Pulls An Apple, Drops The Charging Port Before Cupertino Could Remove It From The iPhone - Tesla  ( NASDAQ:TSLA ) ",https://www.benzinga.com/news/24/10/41285255/tesla-pulls-an-apple-drops-the-charging-port-before-cupertino-could-remove-it-from-the-iphone,20241011T043939,['Ananya Gairola'],Elon Musk's electric vehicle giant Tesla Inc. TSLA has unveiled a portless two-seater robotaxi product before Apple Inc. AAPL could release its long-rumored portless iPhone.,https://cdn.benzinga.com/files/images/story/2024/10/11/Robotaxi-75.jpeg?width=1200&height=800&fit=crop,Benzinga,News,www.benzinga.com,"[{'topic': 'Technology', 'relevance_score': '0.5'}, {'topic': 'Manufacturing', 'relevance_score': '0.5'}]",0.122071,Neutral,"[{'ticker': 'SSNLF', 'relevance_score': '0.079656', 'ticker_sentiment_score': '0.119284', 'ticker_sentiment_label': 'Neutral'}, {'ticker': 'AAPL', 'relevance_score': '0.63188', 'ticker_sentiment_score': '0.007205', 'ticker_sentiment_label': 'Neutral'}, {'ticker': 'NOK', 'relevance_score': '0.079656', 'ticker_sentiment_score': '0.119284', 'ticker_sentiment_label': 'Neutral'}, {'ticker': 'TSLA', 'relevance_score': '0.158519', 'ticker_sentiment_score': '0.0', 'ticker_sentiment_label': 'Neutral'}]"
Tim Cook Says 'Hearts Go Out' To Those Impacted By Devastation Left Behind By Hurricane Milton: Apple Will Make A Donation For 'Relief Efforts On The Ground' - Apple  ( NASDAQ:AAPL ) ,https://www.benzinga.com/news/24/10/41284917/tim-cook-says-hearts-go-out-to-those-impacted-by-devastation-left-behind-by-hurricane-milton-apple-w,20241011T032013,['Ananya Gairola'],"In the wake of the devastating Hurricane Milton, Apple Inc.'s AAPL CEO Tim Cook has pledged to support relief efforts. What Happened: On Thursday, Cook took to X, formerly Twitter, and said ""Apple will be making a donation to help with relief efforts on the ground.""",https://cdn.benzinga.com/files/images/story/2024/10/10/Buffetts-Admiration-For-Tim-Cook.jpeg?width=1200&height=800&fit=crop,Benzinga,News,www.benzinga.com,"[{'topic': 'Technology', 'relevance_score': '1.0'}]",0.107822,Neutral,"[{'ticker': 'AAPL', 'relevance_score': '0.47147', 'ticker_sentiment_score': '0.466201', 'ticker_sentiment_label': 'Bullish'}]"
"TSM Vs. AVGO: Who Will Be The Next Trillion-Dollar AI Giant? - Broadcom  ( NASDAQ:AVGO ) , Taiwan Semiconductor  ( NYSE:TSM ) ",https://www.benzinga.com/trading-ideas/technicals/24/10/41276711/taiwan-semiconductor-vs-broadcom-who-will-be-the-next-trillion-dollar-ai-giant,20241010T162311,['Surbhi Jain'],Taiwan Semiconductor Manufacturing Co. Ltd. TSM and Broadcom Inc. AVGO are currently competing for a seat at an elite table: The exclusive trillion-dollar club. Taiwan Semiconductor's market cap first crossed the trillion-dollar threshold in July.,https://editorial-assets.benzinga.com/wp-content/uploads/2024/10/10111709/Screenshot-2024-10-10-at-8.40.59-PM.png,Benzinga,Trading,www.benzinga.com,"[{'topic': 'Technology', 'relevance_score': '0.5'}, {'topic': 'Financial Markets', 'relevance_score': '0.796627'}, {'topic': 'Manufacturing', 'relevance_score': '0.5'}]",0.228538,Somewhat-Bullish,"[{'ticker': 'MSFT', 'relevance_score': '0.170275', 'ticker_sentiment_score': '0.152814', 'ticker_sentiment_label': 'Somewhat-Bullish'}, {'ticker': 'NVDA', 'relevance_score': '0.252987', 'ticker_sentiment_score': '0.23878', 'ticker_sentiment_label': 'Somewhat-Bullish'}, {'ticker': 'AAPL', 'relevance_score': '0.252987', 'ticker_sentiment_score': '0.23878', 'ticker_sentiment_label': 'Somewhat-Bullish'}, {'ticker': 'AVGO', 'relevance_score': '0.548363', 'ticker_sentiment_score': '0.244788', 'ticker_sentiment_label': 'Somewhat-Bullish'}, {'ticker': 'TSM', 'relevance_score': '0.409171', 'ticker_sentiment_score': '0.050378', 'ticker_sentiment_label': 'Neutral'}]"
Hotter Inflation But Jobless Claims Cushion The Blow - Selling In Nvidia And AI Stocks - Apple  ( NASDAQ:AAPL ) ,https://www.benzinga.com/general/market-summary/24/10/41276483/hotter-inflation-but-jobless-claims-cushion-the-blow-selling-in-nvidia-and-ai-stocks,20241010T161202,['The Arora Report'],"To gain an edge, this is what you need to know today. Please click here for an enlarged chart of SPDR S&P 500 ETF Trust SPY which represents the benchmark stock market index S&P 500 ( SPX ) . Headline CPI came at 0.2% vs. 0.1% consensus. Core CPI came at 0.3% vs. 0.2% consensus.",https://thearorareport.com/wp-content/uploads/2024/10/2024-10-10_09h03_46.png,Benzinga,General,www.benzinga.com,"[{'topic': 'Economy - Monetary', 'relevance_score': '0.682689'}, {'topic': 'Financial Markets', 'relevance_score': '0.999894'}, {'topic': 'Technology', 'relevance_score': '0.5'}, {'topic': 'Finance', 'relevance_score': '0.5'}]",0.202112,Somewhat-Bullish,"[{'ticker': 'MSFT', 'relevance_score': '0.123526', 'ticker_sentiment_score': '-0.179408', 'ticker_sentiment_label': 'Somewhat-Bearish'}, {'ticker': 'GOOG', 'relevance_score': '0.123526', 'ticker_sentiment_score': '-0.179408', 'ticker_sentiment_label': 'Somewhat-Bearish'}, {'ticker': 'META', 'relevance_score': '0.123526', 'ticker_sentiment_score': '-0.179408', 'ticker_sentiment_label': 'Somewhat-Bearish'}, {'ticker': 'AAPL', 'relevance_score': '0.123526', 'ticker_sentiment_score': '-0.179408', 'ticker_sentiment_label': 'Somewhat-Bearish'}, {'ticker': 'IVZ', 'relevance_score': '0.061949', 'ticker_sentiment_score': '0.103647', 'ticker_sentiment_label': 'Neutral'}]"
"Market Clubhouse Morning Memo - October 10th, 2024  ( Trade Strategy For SPY, QQQ, AAPL, MSFT, NVDA, GOOGL, META And TSLA )  - Alphabet  ( NASDAQ:GOOGL ) , Apple  ( NASDAQ:AAPL ) ",https://www.benzinga.com/markets/24/10/41273679/market-clubhouse-morning-memo-october-10th-2024-trade-strategy-for-spy-qqq-aapl-msft-nvda-googl-meta,20241010T142516,['RIPS'],"Good Morning Traders! In today's Market Clubhouse Morning Memo, we will discuss SPY, QQQ, AAPL, MSFT, NVDA, GOOGL, META, and TSLA. Our proprietary formula, exclusive to Market Clubhouse, dictates these price levels. This dynamic equation takes into account price, volume, and options flow.",https://cdn.benzinga.com/files/market-clubhouse-morning-memo_308.png?width=1200&height=800&fit=crop,Benzinga,Trading,www.benzinga.com,"[{'topic': 'Economy - Monetary', 'relevance_score': '0.682689'}, {'topic': 'Financial Markets', 'relevance_score': '0.658903'}, {'topic': 'Manufacturing', 'relevance_score': '0.5'}, {'topic': 'Technology', 'relevance_score': '0.5'}]",0.13763,Neutral,"[{'ticker': 'MSFT', 'relevance_score': '0.124164', 'ticker_sentiment_score': '0.136927', 'ticker_sentiment_label': 'Neutral'}, {'ticker': 'GOOG', 'relevance_score': '0.031159', 'ticker_sentiment_score': '0.074728', 'ticker_sentiment_label': 'Neutral'}, {'ticker': 'NVDA', 'relevance_score': '0.124164', 'ticker_sentiment_score': '0.114846', 'ticker_sentiment_label': 'Neutral'}, {'ticker': 'AAPL', 'relevance_score': '0.093289', 'ticker_sentiment_score': '0.214039', 'ticker_sentiment_label': 'Somewhat-Bullish'}, {'ticker': 'TSLA', 'relevance_score': '0.154852', 'ticker_sentiment_score': '0.004146', 'ticker_sentiment_label': 'Neutral'}]"
"Stock Market News for Oct 10, 2024",https://www.zacks.com/stock/news/2348805/stock-market-news-for-oct-10-2024,20241010T133300,['Zacks Equity Research'],"U.S. stocks closed sharply higher on Wednesday after the release of the minutes of the Federal Reserve's September meeting, with the Dow and S&P 500 hitting new all-time closing highs.",https://staticx-tuner.zacks.com/images/articles/main/7f/511.jpg,Zacks Commentary,n/a,www.zacks.com,"[{'topic': 'Economy - Monetary', 'relevance_score': '0.451494'}, {'topic': 'Financial Markets', 'relevance_score': '0.310843'}, {'topic': 'Earnings', 'relevance_score': '0.451494'}, {'topic': 'Technology', 'relevance_score': '0.5'}, {'topic': 'Finance', 'relevance_score': '0.5'}]",0.07381,Neutral,"[{'ticker': 'WFC', 'relevance_score': '0.158', 'ticker_sentiment_score': '0.0', 'ticker_sentiment_label': 'Neutral'}, {'ticker': 'AAPL', 'relevance_score': '0.235062', 'ticker_sentiment_score': '0.182198', 'ticker_sentiment_label': 'Somewhat-Bullish'}, {'ticker': 'SZIHF', 'relevance_score': '0.079392', 'ticker_sentiment_score': '-0.112976', 'ticker_sentiment_label': 'Neutral'}]"
Best Stock to Buy Right Now: Apple vs. Nike,https://www.fool.com/investing/2024/10/10/best-stock-to-buy-right-now-apple-vs-nike/,20241010T110000,['Leo Sun'],Which of these iconic American brands is a better investment?,https://g.foolcdn.com/image/?url=https%3A%2F%2Fg.foolcdn.com%2Feditorial%2Fimages%2F793092%2Fapple-store-fifth-avenue-new-york.jpg&op=resize&w=700,Motley Fool,n/a,www.fool.com,"[{'topic': 'Financial Markets', 'relevance_score': '0.54554'}, {'topic': 'Manufacturing', 'relevance_score': '0.5'}, {'topic': 'Earnings', 'relevance_score': '0.999696'}, {'topic': 'Technology', 'relevance_score': '0.5'}]",0.097815,Neutral,"[{'ticker': 'NKE', 'relevance_score': '0.471943', 'ticker_sentiment_score': '0.146462', 'ticker_sentiment_label': 'Neutral'}, {'ticker': 'AAPL', 'relevance_score': '0.433771', 'ticker_sentiment_score': '0.205467', 'ticker_sentiment_label': 'Somewhat-Bullish'}]"
"Jeff Bezos-Led Amazon Almost Ran Out Of Cash 24 Years Ago. At $400B, It Is Now Projected To Have As Much Cash As Apple And Microsoft Combined By 2027: Here's More - Apple  ( NASDAQ:AAPL ) , Amazon.com  ( NASDAQ:AMZN ) ",https://www.benzinga.com/markets/equities/24/10/41268186/jeff-bezos-led-amazon-almost-ran-out-of-cash-24-years-ago-at-400b-it-is-now-projected-to-have-as,20241010T105414,['Rounak Jain'],"Jeff Bezos' Amazon.com Inc. AMZN once nearly ran out of cash 24 years ago, during the dot-com bubble crisis of 2000. It was once reportedly left with just 10 months of cash, with its stock price plunging to $7 from $107.",https://cdn.benzinga.com/files/images/story/2024/10/10/Jeff-Bezos--Amazon-logo.jpeg?width=1200&height=800&fit=crop,Benzinga,Markets,www.benzinga.com,"[{'topic': 'Retail & Wholesale', 'relevance_score': '0.333333'}, {'topic': 'Financial Markets', 'relevance_score': '0.316726'}, {'topic': 'Technology', 'relevance_score': '0.333333'}, {'topic': 'Finance', 'relevance_score': '0.333333'}]",0.183794,Somewhat-Bullish,"[{'ticker': 'MSFT', 'relevance_score': '0.366061', 'ticker_sentiment_score': '0.215655', 'ticker_sentiment_label': 'Somewhat-Bullish'}, {'ticker': 'GOOG', 'relevance_score': '0.094762', 'ticker_sentiment_score': '0.112207', 'ticker_sentiment_label': 'Neutral'}, {'ticker': 'SPGI', 'relevance_score': '0.094762', 'ticker_sentiment_score': '0.107992', 'ticker_sentiment_label': 'Neutral'}, {'ticker': 'AAPL', 'relevance_score': '0.279015', 'ticker_sentiment_score': '0.161049', 'ticker_sentiment_label': 'Somewhat-Bullish'}, {'ticker': 'WFC', 'relevance_score': '0.094762', 'ticker_sentiment_score': '0.206737', 'ticker_sentiment_label': 'Somewhat-Bullish'}, {'ticker': 'AMZN', 'relevance_score': '0.524949', 'ticker_sentiment_score': '0.274915', 'ticker_sentiment_label': 'Somewhat-Bullish'}]"
'Can't Believe It:' Popular YouTuber Shares How Apple Watch Series 10 Detected Atrial Fibrillation And Saved His Grandmother - Apple  ( NASDAQ:AAPL ) ,https://www.benzinga.com/news/24/10/41266487/cant-believe-it-popular-youtuber-shares-how-apple-watch-series-10-detected-atrial-fibrillation-and-s,20241010T084102,['Rounak Jain'],"Apple Inc.'s AAPL Watch Series 10 is in the news yet again for saving another life, this time of a user's grandmother by detecting atrial fibrillation. What Happened: A user, Nikias Molina, shared on Wednesday that his Apple Watch Series 10 identified his grandmother's atrial fibrillation using ...",https://cdn.benzinga.com/files/images/story/2024/10/10/Apple-Watch-Ultra-2.jpeg?width=1200&height=800&fit=crop,Benzinga,News,www.benzinga.com,"[{'topic': 'Technology', 'relevance_score': '1.0'}]",0.166804,Somewhat-Bullish,"[{'ticker': 'AAPL', 'relevance_score': '0.805739', 'ticker_sentiment_score': '0.036797', 'ticker_sentiment_label': 'Neutral'}]"
"S&P Settles At Record High As Apple, Amazon Shares Surge: Investor Optimism Improves Ahead Of Inflation Data - Delta Air Lines  ( NYSE:DAL ) ",https://www.benzinga.com/news/earnings/24/10/41266054/s-p-settles-at-record-high-as-apple-amazon-shares-surge-investor-optimism-improves-ahead-of-inflati,20241010T074435,['Avi Kapoor'],"The CNN Money Fear and Greed index showed some improvement in the overall market sentiment, while the index remained in the ""Greed"" zone on Wednesday. U.S. stocks settled higher on Wednesday, with the Dow Jones and S&P 500 settling at record levels during the session.",https://cdn.benzinga.com/files/images/story/2024/10/10/Market-Sentiment--Fear-And-Greed-Index--.jpeg?width=1200&height=800&fit=crop,Benzinga,Trading,www.benzinga.com,"[{'topic': 'Life Sciences', 'relevance_score': '0.25'}, {'topic': 'Energy & Transportation', 'relevance_score': '0.25'}, {'topic': 'Technology', 'relevance_score': '0.25'}, {'topic': 'Economy - Monetary', 'relevance_score': '0.576289'}, {'topic': 'Retail & Wholesale', 'relevance_score': '0.25'}, {'topic': 'Financial Markets', 'relevance_score': '0.650727'}, {'topic': 'Earnings', 'relevance_score': '0.158519'}]",-0.04833,Neutral,"[{'ticker': 'TLRY', 'relevance_score': '0.192694', 'ticker_sentiment_score': '0.0', 'ticker_sentiment_label': 'Neutral'}, {'ticker': 'WBD', 'relevance_score': '0.097062', 'ticker_sentiment_score': '-0.165131', 'ticker_sentiment_label': 'Somewhat-Bearish'}, {'ticker': 'DMPZF', 'relevance_score': '0.097062', 'ticker_sentiment_score': '0.0', 'ticker_sentiment_label': 'Neutral'}, {'ticker': 'AAPL', 'relevance_score': '0.192694', 'ticker_sentiment_score': '0.136769', 'ticker_sentiment_label': 'Neutral'}, {'ticker': 'DAL', 'relevance_score': '0.192694', 'ticker_sentiment_score': '0.0', 'ticker_sentiment_label': 'Neutral'}, {'ticker': 'DPZ', 'relevance_score': '0.192694', 'ticker_sentiment_score': '0.0', 'ticker_sentiment_label': 'Neutral'}]"
How To Switch From Google Photos To Apple's iCloud,https://www.benzinga.com/news/24/10/41265188/how-to-switch-from-google-photos-to-apples-icloud,20241010T060939,['Ananya Gairola'],"Earlier this year, tech giants Alphabet Inc.'s Google and Apple Inc. joined forces to simplify the process of moving photos and videos between their platforms by launching a tool. What Happened: The new tool allows users to transfer media directly from Google Photos to iCloud Photos without the ...",https://editorial-assets.benzinga.com/wp-content/uploads/2024/10/07044955/Screenshot-2024-10-07-at-2.19.30%E2%80%AFPM-1024x969.png,Benzinga,News,www.benzinga.com,"[{'topic': 'Technology', 'relevance_score': '1.0'}]",0.210673,Somewhat-Bullish,"[{'ticker': 'GOOG', 'relevance_score': '0.441698', 'ticker_sentiment_score': '0.335797', 'ticker_sentiment_label': 'Somewhat-Bullish'}, {'ticker': 'AAPL', 'relevance_score': '0.116348', 'ticker_sentiment_score': '0.077005', 'ticker_sentiment_label': 'Neutral'}]"
"Apple TV+ Coming To Amazon Prime Video This Month: What You Need To Know About the $9.99 Add-On - Apple  ( NASDAQ:AAPL ) , Amazon.com  ( NASDAQ:AMZN ) ",https://www.benzinga.com/general/entertainment/24/10/41264628/apple-tv-coming-to-amazon-prime-video-this-month-what-you-need-to-know-about-the-9-99-add-o,20241010T043139,['Ananya Gairola'],"Amazon.com, Inc. AMZN and Apple Inc. AAPL have announced a collaboration, as per which Apple TV+ will be available through Prime Video. What Happened: Apple TV+ will join Prime Video's collection of over 100 add-on subscription options in the U.S., which include Warner Bros.",https://cdn.benzinga.com/files/images/story/2024/10/10/Apple-TV--Photo-by-Ivan-Marc-on-Shutters.jpeg?width=1200&height=800&fit=crop,Benzinga,News,www.benzinga.com,"[{'topic': 'Retail & Wholesale', 'relevance_score': '0.5'}, {'topic': 'Technology', 'relevance_score': '0.5'}]",0.231678,Somewhat-Bullish,"[{'ticker': 'NFLX', 'relevance_score': '0.157483', 'ticker_sentiment_score': '-0.139954', 'ticker_sentiment_label': 'Neutral'}, {'ticker': 'AAPL', 'relevance_score': '0.573213', 'ticker_sentiment_score': '0.303667', 'ticker_sentiment_label': 'Somewhat-Bullish'}, {'ticker': 'AMZN', 'relevance_score': '0.448842', 'ticker_sentiment_score': '0.299841', 'ticker_sentiment_label': 'Somewhat-Bullish'}]"
"Google Analysts React To DOJ's Proposed Remedies For Search Dominance: 'We Continue To View Structural Changes As An Unlikely Outcome' - Alphabet  ( NASDAQ:GOOG ) , Apple  ( NASDAQ:AAPL ) ",https://www.benzinga.com/analyst-ratings/analyst-color/24/10/41257551/google-analysts-react-to-dojs-proposed-remedies-for-search-dominance-we-continue-to,20241009T181114,['Adam Eckert'],The U.S. Department of Justice confirmed this week that it's considering taking actions to curtail Alphabet Inc's GOOGL GOOG Google Search dominance. Multiple analysts reacted to the news on Wednesday.,https://cdn.benzinga.com/files/images/story/2024/10/09/Google-Search.jpeg?width=1200&height=800&fit=crop,Benzinga,News,www.benzinga.com,"[{'topic': 'Earnings', 'relevance_score': '0.360215'}, {'topic': 'Technology', 'relevance_score': '1.0'}]",0.085757,Neutral,"[{'ticker': 'GOOG', 'relevance_score': '0.688096', 'ticker_sentiment_score': '0.064443', 'ticker_sentiment_label': 'Neutral'}, {'ticker': 'AAPL', 'relevance_score': '0.133841', 'ticker_sentiment_score': '0.082709', 'ticker_sentiment_label': 'Neutral'}]"
Is The iPhone Losing Its Buzz Among Teens? Piper Sandler Finds Out - Apple  ( NASDAQ:AAPL ) ,https://www.benzinga.com/analyst-ratings/analyst-color/24/10/41256266/is-the-iphone-losing-its-buzz-among-teens-piper-sandler-finds-out,20241009T170828,['Lekha Gupta'],"Piper Sandler analyst Matt Farrell surveyed around 13,500 teens to see Apple Inc.'s AAPL iPhone upgrade expectation among them. Notably, Apple unveiled the iPhone 16 in September, and early pre-order data shows that demand for the iPhone 16 may be lower than expected due to a lack of reasons for ...",https://cdn.benzinga.com/files/images/story/2024/10/09/Steve-Jobs-To-An-iPhone-User.jpeg?width=1200&height=800&fit=crop,Benzinga,Trading,www.benzinga.com,"[{'topic': 'Technology', 'relevance_score': '1.0'}]",0.06668,Neutral,"[{'ticker': 'AAPL', 'relevance_score': '0.741116', 'ticker_sentiment_score': '0.062631', 'ticker_sentiment_label': 'Neutral'}]"
Can Google's Partnership With Vodafone Push the GOOGL Stock Higher?,https://www.zacks.com/stock/news/2348445/can-googles-partnership-with-vodafone-push-the-googl-stock-higher,20241009T154000,['Zacks Investment Research'],Alphabet deepens its relationship with Vodafone to expand its footprint in Europe and Africa.,https://staticx-tuner.zacks.com/images/articles/main/aa/397.jpg,Zacks Commentary,n/a,www.zacks.com,"[{'topic': 'Retail & Wholesale', 'relevance_score': '0.333333'}, {'topic': 'Financial Markets', 'relevance_score': '0.161647'}, {'topic': 'Manufacturing', 'relevance_score': '0.333333'}, {'topic': 'Earnings', 'relevance_score': '0.744043'}, {'topic': 'Technology', 'relevance_score': '0.333333'}]",0.289856,Somewhat-Bullish,"[{'ticker': 'MSFT', 'relevance_score': '0.186738', 'ticker_sentiment_score': '0.176631', 'ticker_sentiment_label': 'Somewhat-Bullish'}, {'ticker': 'SSNLF', 'relevance_score': '0.047092', 'ticker_sentiment_score': '0.093001', 'ticker_sentiment_label': 'Neutral'}, {'ticker': 'GOOG', 'relevance_score': '0.591634', 'ticker_sentiment_score': '0.378696', 'ticker_sentiment_label': 'Bullish'}, {'ticker': 'META', 'relevance_score': '0.09402', 'ticker_sentiment_score': '0.276994', 'ticker_sentiment_label': 'Somewhat-Bullish'}, {'ticker': 'NVDA', 'relevance_score': '0.09402', 'ticker_sentiment_score': '0.276994', 'ticker_sentiment_label': 'Somewhat-Bullish'}, {'ticker': 'AAPL', 'relevance_score': '0.186738', 'ticker_sentiment_score': '0.302526', 'ticker_sentiment_label': 'Somewhat-Bullish'}, {'ticker': 'TSLA', 'relevance_score': '0.09402', 'ticker_sentiment_score': '0.276994', 'ticker_sentiment_label': 'Somewhat-Bullish'}, {'ticker': 'VOD', 'relevance_score': '0.140621', 'ticker_sentiment_score': '0.128909', 'ticker_sentiment_label': 'Neutral'}, {'ticker': 'AMZN', 'relevance_score': '0.186738', 'ticker_sentiment_score': '0.176631', 'ticker_sentiment_label': 'Somewhat-Bullish'}]"
"Google Breakup On The Table, Nvidia AI Summit Moves The Stock But Resistance Ahead - Apple  ( NASDAQ:AAPL ) ",https://www.benzinga.com/general/market-summary/24/10/41254002/google-breakup-on-the-table-nvidia-ai-summit-moves-the-stock-but-resistance-ahead,20241009T153354,['The Arora Report'],"To gain an edge, this is what you need to know today. Please click here for an enlarged chart of Alphabet Inc Class C GOOG. There is flawed analysis in the market that the sum of the parts is more than the current stock price.",https://thearorareport.com/wp-content/uploads/2024/10/2024-10-09_09h31_42.png,Benzinga,General,www.benzinga.com,"[{'topic': 'Economy - Monetary', 'relevance_score': '0.158519'}, {'topic': 'Financial Markets', 'relevance_score': '0.99992'}, {'topic': 'Manufacturing', 'relevance_score': '0.333333'}, {'topic': 'Technology', 'relevance_score': '0.333333'}, {'topic': 'Finance', 'relevance_score': '0.333333'}]",0.224255,Somewhat-Bullish,"[{'ticker': 'MSFT', 'relevance_score': '0.12546', 'ticker_sentiment_score': '0.224952', 'ticker_sentiment_label': 'Somewhat-Bullish'}, {'ticker': 'GOOG', 'relevance_score': '0.187221', 'ticker_sentiment_score': '0.119149', 'ticker_sentiment_label': 'Neutral'}, {'ticker': 'META', 'relevance_score': '0.12546', 'ticker_sentiment_score': '0.0', 'ticker_sentiment_label': 'Neutral'}, {'ticker': 'AAPL', 'relevance_score': '0.12546', 'ticker_sentiment_score': '0.0', 'ticker_sentiment_label': 'Neutral'}, {'ticker': 'TSLA', 'relevance_score': '0.12546', 'ticker_sentiment_score': '-0.313294', 'ticker_sentiment_label': 'Somewhat-Bearish'}, {'ticker': 'IVZ', 'relevance_score': '0.062926', 'ticker_sentiment_score': '0.248413', 'ticker_sentiment_label': 'Somewhat-Bullish'}]"
Behind the Scenes of Apple's Latest Options Trends - Apple  ( NASDAQ:AAPL ) ,https://www.benzinga.com/insights/options/24/10/41253736/behind-the-scenes-of-apples-latest-options-trends,20241009T151719,['Benzinga Insights'],"Investors with a lot of money to spend have taken a bullish stance on Apple AAPL. We noticed this today when the trades showed up on publicly available options history that we track here at Benzinga. Whether these are institutions or just wealthy individuals, we don't know.",https://www.benzinga.com/files/images/story/2024/1728487036_0.png,Benzinga,Markets,www.benzinga.com,"[{'topic': 'Earnings', 'relevance_score': '0.158519'}, {'topic': 'Technology', 'relevance_score': '1.0'}, {'topic': 'Financial Markets', 'relevance_score': '0.977154'}]",0.133936,Neutral,"[{'ticker': 'AAPL', 'relevance_score': '0.657821', 'ticker_sentiment_score': '0.188417', 'ticker_sentiment_label': 'Somewhat-Bullish'}]"
"Market Clubhouse Morning Memo - October 9th, 2024  ( Trade Strategy For SPY, QQQ, AAPL, MSFT, NVDA, GOOGL, META And TSLA )  - Invesco QQQ Trust, Series 1  ( NASDAQ:QQQ ) ",https://www.benzinga.com/trading-ideas/24/10/41252541/market-clubhouse-morning-memo-october-9th-2024-trade-strategy-for-spy-qqq-aapl-msft-nvda-googl-meta,20241009T143730,['RIPS'],"Good Morning Traders! In today's Market Clubhouse Morning Memo, we will discuss SPY, QQQ, AAPL, MSFT, NVDA, GOOGL, META, and TSLA. Our proprietary formula, exclusive to Market Clubhouse, dictates these price levels. This dynamic equation takes into account price, volume, and options flow.",https://cdn.benzinga.com/files/market-clubhouse-morning-memo_307.png?width=1200&height=800&fit=crop,Benzinga,General,www.benzinga.com,"[{'topic': 'Economy - Monetary', 'relevance_score': '0.451494'}, {'topic': 'Financial Markets', 'relevance_score': '1.0'}, {'topic': 'Manufacturing', 'relevance_score': '0.5'}, {'topic': 'Technology', 'relevance_score': '0.5'}]",0.075119,Neutral,"[{'ticker': 'MSFT', 'relevance_score': '0.113329', 'ticker_sentiment_score': '0.015172', 'ticker_sentiment_label': 'Neutral'}, {'ticker': 'GOOG', 'relevance_score': '0.028422', 'ticker_sentiment_score': '0.073788', 'ticker_sentiment_label': 'Neutral'}, {'ticker': 'NVDA', 'relevance_score': '0.113329', 'ticker_sentiment_score': '-0.032127', 'ticker_sentiment_label': 'Neutral'}, {'ticker': 'AAPL', 'relevance_score': '0.141393', 'ticker_sentiment_score': '-0.033501', 'ticker_sentiment_label': 'Neutral'}, {'ticker': 'TSLA', 'relevance_score': '0.141393', 'ticker_sentiment_score': '-0.052505', 'ticker_sentiment_label': 'Neutral'}]"
"Is Disney Stock a Buy, Sell or Hold at a P/S Multiple of 1.77X?",https://www.zacks.com/stock/news/2348343/is-disney-stock-a-buy-sell-or-hold-at-a-ps-multiple-of-177x,20241009T140500,['Vasundhara Sawalka'],"Despite an elevated valuation and competitive pressure, DIS' iconic brand and revitalized theme parks and cruise business make the stock worth a watch.",https://staticx-tuner.zacks.com/images/articles/main/e2/2103.jpg,Zacks Commentary,n/a,www.zacks.com,"[{'topic': 'Retail & Wholesale', 'relevance_score': '0.5'}, {'topic': 'Financial Markets', 'relevance_score': '0.54554'}, {'topic': 'Earnings', 'relevance_score': '0.77141'}, {'topic': 'Technology', 'relevance_score': '0.5'}]",0.248216,Somewhat-Bullish,"[{'ticker': 'NFLX', 'relevance_score': '0.082251', 'ticker_sentiment_score': '0.027121', 'ticker_sentiment_label': 'Neutral'}, {'ticker': 'WBD', 'relevance_score': '0.041181', 'ticker_sentiment_score': '0.025809', 'ticker_sentiment_label': 'Neutral'}, {'ticker': 'AAPL', 'relevance_score': '0.123104', 'ticker_sentiment_score': '0.031115', 'ticker_sentiment_label': 'Neutral'}, {'ticker': 'AMZN', 'relevance_score': '0.123104', 'ticker_sentiment_score': '0.031115', 'ticker_sentiment_label': 'Neutral'}]"
"Why Nvidia, Apple Chip Supplier TSMC Stock Is Rallying In Wednesday's Premarket - Taiwan Semiconductor  ( NYSE:TSM ) ",https://www.benzinga.com/markets/equities/24/10/41248508/why-nvidia-apple-chip-supplier-tsmc-is-rallying-in-wednesdays-premarket,20241009T121931,['Shanthi Rexaline'],"Shares of foundry Taiwanese Semiconductor Manufacturing Co. Ltd. TSM climbed in premarket trading after the company reported September revenues. The Hsinchu, Taiwan-based company said its September revenues rose 0.4% month-over-month and jumped 39.6% to NT$ 251.87 billion ( $7.82 billion ) .",https://cdn.benzinga.com/files/images/story/2024/10/09/TSMC--Photo-by-Sundry-Photography-on-Shu.jpeg?width=1200&height=800&fit=crop,Benzinga,Trading,www.benzinga.com,"[{'topic': 'Financial Markets', 'relevance_score': '0.161647'}, {'topic': 'Manufacturing', 'relevance_score': '0.5'}, {'topic': 'Earnings', 'relevance_score': '0.538269'}, {'topic': 'Technology', 'relevance_score': '0.5'}]",0.182213,Somewhat-Bullish,"[{'ticker': 'AMD', 'relevance_score': '0.338582', 'ticker_sentiment_score': '0.2241', 'ticker_sentiment_label': 'Somewhat-Bullish'}, {'ticker': 'NVDA', 'relevance_score': '0.488777', 'ticker_sentiment_score': '0.293284', 'ticker_sentiment_label': 'Somewhat-Bullish'}, {'ticker': 'SSTK', 'relevance_score': '0.173333', 'ticker_sentiment_score': '0.0', 'ticker_sentiment_label': 'Neutral'}, {'ticker': 'AAPL', 'relevance_score': '0.338582', 'ticker_sentiment_score': '0.2241', 'ticker_sentiment_label': 'Somewhat-Bullish'}]"
"Should You Tap High-Yield Bond ETFs, Following Warren Buffett?",https://www.zacks.com/stock/news/2348008/should-you-tap-high-yield-bond-etfs-following-warren-buffett,20241009T120000,['Sanghamitra Saha'],Warren Buffett's Berkshire Hathaway recently sold some stake in Bank of America. Buffett is currently favoring short-term Treasury bonds. Should you buy related ETFs?,https://staticx-tuner.zacks.com/images/default_article_images/default185.jpg,Zacks Commentary,n/a,www.zacks.com,"[{'topic': 'Economy - Monetary', 'relevance_score': '0.310843'}, {'topic': 'Financial Markets', 'relevance_score': '1.0'}, {'topic': 'Technology', 'relevance_score': '0.5'}, {'topic': 'Finance', 'relevance_score': '0.5'}]",0.152535,Somewhat-Bullish,"[{'ticker': 'AAPL', 'relevance_score': '0.161349', 'ticker_sentiment_score': '0.0', 'ticker_sentiment_label': 'Neutral'}, {'ticker': 'BAC', 'relevance_score': '0.265666', 'ticker_sentiment_score': '-0.054723', 'ticker_sentiment_label': 'Neutral'}, {'ticker': 'IVZ', 'relevance_score': '0.107978', 'ticker_sentiment_score': '0.046185', 'ticker_sentiment_label': 'Neutral'}, {'ticker': 'FHI', 'relevance_score': '0.107978', 'ticker_sentiment_score': '0.109358', 'ticker_sentiment_label': 'Neutral'}]"
